trial,bg_repeat,wait_time,miss_trial
0,1,7.790520191192627,False
1,2,0.7530004978179932,False
2,2,0.3374178409576416,False
3,2,4.033514022827148,False
4,2,0.6071715354919434,False
5,3,0.3269073963165283,False
6,3,0,True
