trial,bg_repeat,wait_time,miss_trial
0,1,0.5643043518066406,False
1,1,1.4310200214385986,False
2,2,0.4324798583984375,False
3,2,0.8522255420684814,False
4,3,6.013882160186768,False
5,8,2.679753303527832,False
6,1,0,True
