trial,bg_repeat,wait_time,miss_trial
0,1,14.157063722610474,False
1,17,0.3879120349884033,False
2,2,0.37270522117614746,False
3,1,2.48513126373291,False
4,2,0,True
